ProductionID,Production_Date,Location,Tonnage_Produced,Planned_Operating_Time,Plant_Capacity
1,2022-01-05 0:00,Plant A,222,600,72
2,2022-01-09 0:00,Plant A,3.51,600,72
3,2022-01-10 0:00,Plant A,44,600,72
4,2022-01-14 0:00,Plant A,65.2,600,72
5,2022-01-16 0:00,Plant A,289.48,600,72
6,2022-01-17 0:00,Plant A,280.2,600,72
7,2022-01-20 0:00,Plant A,117.3,600,72
8,2022-01-21 0:00,Plant A,304.29,600,72
9,2022-01-22 0:00,Plant A,105.88,600,72
10,2022-01-23 0:00,Plant A,173.57,600,72
11,2022-01-24 0:00,Plant A,198.2,600,72
12,2022-01-28 0:00,Plant A,96.76,600,72
13,2022-01-29 0:00,Plant A,278.21,660,72
14,2022-01-30 0:00,Plant A,188.17,720,72
15,2022-01-31 0:00,Plant A,376.74,600,72
16,2022-02-01 0:00,Plant A,148.66,480,72
17,2022-02-03 0:00,Plant A,405.97,600,72
18,2022-02-04 0:00,Plant A,185,600,72
19,2022-02-09 0:00,Plant A,285.14,600,72
20,2022-02-10 0:00,Plant A,203.43,600,72
21,2022-02-11 0:00,Plant A,153.74,600,72
22,2022-02-12 0:00,Plant A,173.64,600,72
23,2022-02-15 0:00,Plant A,252.17,600,72
24,2022-02-16 0:00,Plant A,132.29,600,72
25,2022-02-17 0:00,Plant A,196.06,600,72
26,2022-02-18 0:00,Plant A,231.27,600,72
27,2022-02-19 0:00,Plant A,225.87,600,72
28,2022-02-22 0:00,Plant A,168.57,600,72
29,2022-02-23 0:00,Plant A,144.6,600,72
30,2022-02-24 0:00,Plant A,185.1,600,72
31,2022-02-25 0:00,Plant A,145.8,600,72
32,2022-02-26 0:00,Plant A,179,600,72
33,2022-02-27 0:00,Plant A,195.4,480,72
34,2022-03-01 0:00,Plant A,167.44,600,72
35,2022-03-02 0:00,Plant A,186.66,600,72
36,2022-03-07 0:00,Plant A,328.79,720,72
37,2022-03-08 0:00,Plant A,278.37,600,72
38,2022-03-09 0:00,Plant A,330.87,720,72
39,2022-03-10 0:00,Plant A,360.36,600,72
40,2022-03-14 0:00,Plant A,307.74,600,72
41,2022-03-15 0:00,Plant A,167.58,600,72
42,2022-03-16 0:00,Plant A,358.2,720,72
43,2022-03-17 0:00,Plant A,209.73,600,72
44,2022-03-20 0:00,Plant A,218.48,600,72
45,2022-03-21 0:00,Plant A,198.35,600,72
46,2022-03-22 0:00,Plant A,227.23,600,72
47,2022-03-23 0:00,Plant A,134.9,600,72
48,2022-03-24 0:00,Plant A,257.05,600,72
49,2022-03-27 0:00,Plant A,0,600,72
50,2022-03-28 0:00,Plant A,223,720,72
51,2022-03-29 0:00,Plant A,273.58,600,72
52,2022-03-30 0:00,Plant A,286.58,600,72
53,2022-03-31 0:00,Plant A,298.18,600,72
54,2022-04-01 0:00,Plant A,304.58,480,72
55,2022-04-02 0:00,Plant A,176.2,480,72
56,2022-04-03 0:00,Plant A,173.73,600,72
57,2022-04-04 0:00,Plant A,176.03,600,72
58,2022-04-05 0:00,Plant A,251.38,600,72
59,2022-04-06 0:00,Plant A,303.85,600,72
60,2022-04-09 0:00,Plant A,286.46,600,72
61,2022-04-10 0:00,Plant A,236.02,600,72
62,2022-04-11 0:00,Plant A,240.03,600,72
63,2022-04-12 0:00,Plant A,196.68,600,72
64,2022-04-13 0:00,Plant A,204.79,600,72
65,2022-04-14 0:00,Plant A,114.98,480,72
66,2022-04-16 0:00,Plant A,226.4,600,72
67,2022-04-17 0:00,Plant A,96.89,300,72
68,2022-04-18 0:00,Plant A,224.39,600,72
69,2022-04-19 0:00,Plant A,204.45,600,72
70,2022-04-20 0:00,Plant A,239.86,600,72
71,2022-04-22 0:00,Plant A,192.14,600,72
72,2022-04-23 0:00,Plant A,255.78,600,72
73,2022-04-24 0:00,Plant A,312.72,600,72
74,2022-04-25 0:00,Plant A,200.96,600,72
75,2022-04-26 0:00,Plant A,223.11,600,72
76,2022-04-27 0:00,Plant A,276.57,600,72
77,2022-04-30 0:00,Plant A,176.65,600,72
78,2022-05-01 0:00,Plant A,32.24,600,72
79,2022-05-02 0:00,Plant A,149.39,600,72
80,2022-05-03 0:00,Plant A,325,600,72
81,2022-05-04 0:00,Plant A,277.6,600,72
82,2022-05-07 0:00,Plant A,253.95,600,72
83,2022-05-08 0:00,Plant A,274.71,600,72
84,2022-05-09 0:00,Plant A,192.12,600,72
85,2022-05-12 0:00,Plant A,198.19,600,72
86,2022-05-13 0:00,Plant A,242.61,600,72
87,2022-05-14 0:00,Plant A,190.8,600,72
88,2022-05-15 0:00,Plant A,211.32,600,72
89,2022-05-16 0:00,Plant A,259.94,600,72
90,2022-05-18 0:00,Plant A,228.38,480,72
91,2022-05-19 0:00,Plant A,218.53,600,72
92,2022-05-20 0:00,Plant A,214.33,600,72
93,2022-05-21 0:00,Plant A,304.34,600,72
94,2022-05-22 0:00,Plant A,253.23,600,72
95,2022-05-23 0:00,Plant A,257.05,600,72
96,2022-05-24 0:00,Plant A,184.45,480,72
97,2022-05-26 0:00,Plant A,238.42,600,72
98,2022-05-27 0:00,Plant A,207.46,600,72
99,2022-05-28 0:00,Plant A,123,600,72
100,2022-05-29 0:00,Plant A,292.55,600,72
101,2022-05-30 0:00,Plant A,293.8,600,72
102,2022-05-31 0:00,Plant A,167.93,480,72
103,2022-06-02 0:00,Plant A,223.11,600,72
104,2022-06-03 0:00,Plant A,191.28,600,72
105,2022-06-04 0:00,Plant A,224.22,600,72
106,2022-06-07 0:00,Plant A,364.63,600,72
107,2022-06-08 0:00,Plant A,0,480,72
108,2022-06-09 0:00,Plant A,301.5,600,72
109,2022-06-11 0:00,Plant A,279,480,72
110,2022-06-12 0:00,Plant A,368.5,600,72
111,2022-06-13 0:00,Plant A,255.67,600,72
112,2022-06-14 0:00,Plant A,401.39,600,72
113,2022-06-15 0:00,Plant A,405.53,600,72
114,2022-06-16 0:00,Plant A,327.98,600,72
115,2022-06-19 0:00,Plant A,277.96,600,72
116,2022-06-20 0:00,Plant A,103.69,600,72
117,2022-06-21 0:00,Plant A,286.15,600,72
118,2022-06-22 0:00,Plant A,269.03,600,72
119,2022-06-23 0:00,Plant A,269.73,600,72
120,2022-06-24 0:00,Plant A,225.64,480,72
121,2022-06-26 0:00,Plant A,213.69,480,72
122,2022-06-27 0:00,Plant A,275.87,600,72
123,2022-06-28 0:00,Plant A,208.42,600,72
124,2022-06-29 0:00,Plant A,100.23,600,72
125,2022-06-30 0:00,Plant A,316.92,600,72
126,2022-07-03 0:00,Plant A,234.59,600,72
127,2022-07-04 0:00,Plant A,338.33,600,72
128,2022-07-06 0:00,Plant A,126.02,600,72
129,2022-07-07 0:00,Plant A,248.21,600,72
130,2022-07-08 0:00,Plant A,251.67,600,72
131,2022-07-09 0:00,Plant A,201.56,600,72
132,2022-07-10 0:00,Plant A,276.94,600,72
133,2022-07-11 0:00,Plant A,167.15,480,72
134,2022-07-13 0:00,Plant A,94.67,600,72
135,2022-07-14 0:00,Plant A,231.32,600,72
136,2022-07-15 0:00,Plant A,191.91,600,72
137,2022-07-16 0:00,Plant A,203.93,600,72
138,2022-07-17 0:00,Plant A,147.24,600,72
139,2022-07-18 0:00,Plant A,172.48,480,72
140,2022-07-20 0:00,Plant A,189.1,600,72
141,2022-07-21 0:00,Plant A,236.83,600,72
142,2022-07-22 0:00,Plant A,318.57,600,72
143,2022-07-23 0:00,Plant A,300,600,72
144,2022-07-24 0:00,Plant A,239.96,600,72
145,2022-07-25 0:00,Plant A,233.86,480,72
146,2022-07-27 0:00,Plant A,67.78,600,72
147,2022-07-28 0:00,Plant A,180.3,600,72
148,2022-07-29 0:00,Plant A,194.93,600,72
149,2022-07-30 0:00,Plant A,173.24,600,72
150,2022-07-31 0:00,Plant A,260.93,600,72
151,2022-08-01 0:00,Plant A,0,0,72
152,2022-08-02 0:00,Plant A,0,0,72
153,2022-08-03 0:00,Plant A,0,600,72
154,2022-08-04 0:00,Plant A,199.19,600,72
155,2022-08-05 0:00,Plant A,257.04,600,72
156,2022-08-06 0:00,Plant A,216.28,600,72
157,2022-08-07 0:00,Plant A,324.5,600,72
158,2022-08-10 0:00,Plant A,250,600,72
159,2022-08-11 0:00,Plant A,200,600,72
160,2022-08-12 0:00,Plant A,217.27,600,72
161,2022-08-13 0:00,Plant A,296.86,600,72
162,2022-08-14 0:00,Plant A,180.4,600,72
163,2022-08-17 0:00,Plant A,358.47,600,72
164,2022-08-18 0:00,Plant A,410,600,72
165,2022-08-19 0:00,Plant A,319.49,600,72
166,2022-08-20 0:00,Plant A,357.27,600,72
167,2022-08-21 0:00,Plant A,221.17,600,72
168,2022-08-22 0:00,Plant A,251.77,480,72
169,2022-08-24 0:00,Plant A,344.93,600,72
170,2022-08-25 0:00,Plant A,329.96,600,72
171,2022-08-26 0:00,Plant A,306.93,600,72
172,2022-08-27 0:00,Plant A,46.71,600,72
173,2022-08-28 0:00,Plant A,0,600,72
174,2022-08-31 0:00,Plant A,224.35,600,72
175,2022-09-01 0:00,Plant A,351.62,600,72
176,2022-09-02 0:00,Plant A,362.37,600,72
177,2022-09-03 0:00,Plant A,314.16,600,72
178,2022-09-04 0:00,Plant A,300,600,72
179,2022-09-05 0:00,Plant A,215.64,480,72
180,2022-09-07 0:00,Plant A,0,600,72
181,2022-09-08 0:00,Plant A,362.57,600,72
182,2022-09-09 0:00,Plant A,304.03,600,72
183,2022-09-10 0:00,Plant A,389.06,600,72
184,2022-09-14 0:00,Plant A,285.88,600,72
185,2022-09-15 0:00,Plant A,286.96,600,72
186,2022-09-16 0:00,Plant A,240.5,600,72
187,2022-09-17 0:00,Plant A,360,600,72
188,2022-09-18 0:00,Plant A,366,600,72
189,2022-09-21 0:00,Plant A,257.5,600,72
190,2022-09-22 0:00,Plant A,294.69,600,72
191,2022-09-23 0:00,Plant A,258.28,600,72
192,2022-09-24 0:00,Plant A,224.46,720,72
193,2022-09-25 0:00,Plant A,303,600,72
194,2022-09-26 0:00,Plant A,213.88,480,72
195,2022-09-28 0:00,Plant A,442.46,720,72
196,2022-09-29 0:00,Plant A,331.72,720,72
197,2022-09-30 0:00,Plant A,254.94,720,72
198,2022-10-01 0:00,Plant A,316.9,600,72
199,2022-10-02 0:00,Plant A,97.32,600,72
200,2022-10-05 0:00,Plant A,294,600,72
201,2022-10-06 0:00,Plant A,300.46,600,72
202,2022-10-07 0:00,Plant A,325.54,600,72
203,2022-10-08 0:00,Plant A,200.4,600,72
204,2022-10-09 0:00,Plant A,96.3,300,72
205,2022-10-12 0:00,Plant A,123.14,600,72
206,2022-10-13 0:00,Plant A,286.39,600,72
207,2022-10-14 0:00,Plant A,347.48,600,72
208,2022-10-15 0:00,Plant A,296.33,600,72
209,2022-10-16 0:00,Plant A,320.8,600,72
210,2022-10-19 0:00,Plant A,226.24,600,72
211,2022-10-20 0:00,Plant A,223.78,600,72
212,2022-10-21 0:00,Plant A,276.31,720,72
213,2022-10-22 0:00,Plant A,216.66,600,72
214,2022-10-23 0:00,Plant A,234.86,600,72
215,2022-10-27 0:00,Plant A,321.16,600,72
216,2022-10-28 0:00,Plant A,213.84,720,72
217,2022-10-29 0:00,Plant A,327.56,720,72
218,2022-10-30 0:00,Plant A,204.34,420,72
219,2022-11-02 0:00,Plant A,252.5,600,72
220,2022-11-03 0:00,Plant A,100.92,600,72
221,2022-11-04 0:00,Plant A,222,600,72
222,2022-11-06 0:00,Plant A,300.46,600,72
223,2022-11-07 0:00,Plant A,325.54,600,72
224,2022-11-08 0:00,Plant A,200.4,600,72
225,2022-11-09 0:00,Plant A,96.3,300,72
226,2022-11-12 0:00,Plant A,123.14,600,72
227,2022-11-13 0:00,Plant A,286.39,600,72
228,2022-11-14 0:00,Plant A,347.48,600,72
229,2022-11-15 0:00,Plant A,296.33,600,72
230,2022-11-16 0:00,Plant A,320.8,600,72
231,2022-11-19 0:00,Plant A,226.24,600,72
232,2022-11-20 0:00,Plant A,223.78,600,72
233,2022-11-21 0:00,Plant A,276.31,720,72
234,2022-11-22 0:00,Plant A,216.66,600,72
235,2022-11-23 0:00,Plant A,234.86,600,72
236,2022-11-27 0:00,Plant A,321.16,600,72
237,2022-11-28 0:00,Plant A,213.84,720,72
238,2022-11-29 0:00,Plant A,327.56,720,72
239,2022-11-30 0:00,Plant A,204.34,420,72
240,2022-12-03 0:00,Plant A,252.5,600,72
241,2022-12-04 0:00,Plant A,100.92,600,72
242,2022-12-05 0:00,Plant A,222,600,72
243,2022-12-06 0:00,Plant A,300.46,700,72
244,2022-12-07 0:00,Plant A,325.54,700,72
245,2022-12-08 0:00,Plant A,200.4,700,72
246,2022-12-09 0:00,Plant A,96.3,700,72
247,2022-12-12 0:00,Plant A,123.14,720,72
248,2022-12-13 0:00,Plant A,286.39,720,72
249,2022-12-14 0:00,Plant A,347.48,720,72
250,2022-12-15 0:00,Plant A,296.33,720,72
251,2022-12-16 0:00,Plant A,320.8,720,72
252,2022-12-19 0:00,Plant A,226.24,720,72
253,2022-12-20 0:00,Plant A,223.78,720,72
254,2022-12-21 0:00,Plant A,276.31,720,72
255,2022-12-22 0:00,Plant A,216.66,720,72
256,2022-12-23 0:00,Plant A,234.86,720,72
257,2022-12-27 0:00,Plant A,321.16,600,72
258,2022-12-28 0:00,Plant A,213.84,720,72
259,2022-12-29 0:00,Plant A,327.56,720,72
260,2022-12-30 0:00,Plant A,204.34,420,72
261,2022-12-31 0:00,Plant A,204.34,420,72
262,2023-01-02 0:00,Plant A,126.02,600,72
263,2023-01-03 0:00,Plant A,248.21,600,72
264,2023-01-04 0:00,Plant A,251.67,600,72
265,2023-01-05 0:00,Plant A,201.56,600,72
266,2023-01-06 0:00,Plant A,276.94,600,72
267,2023-01-07 0:00,Plant A,167.15,480,72
268,2023-01-09 0:00,Plant A,94.67,600,72
269,2023-01-10 0:00,Plant A,231.32,600,72
270,2023-01-11 0:00,Plant A,191.91,600,72
271,2023-01-12 0:00,Plant A,203.93,600,72
272,2023-01-13 0:00,Plant A,147.24,600,72
273,2023-01-14 0:00,Plant A,172.48,480,72
274,2023-01-16 0:00,Plant A,189.1,600,72
275,2023-01-17 0:00,Plant A,236.83,600,72
276,2023-01-18 0:00,Plant A,318.57,600,72
277,2023-01-19 0:00,Plant A,300,600,72
278,2023-01-20 0:00,Plant A,239.96,600,72
279,2023-01-21 0:00,Plant A,233.86,480,72
280,2023-01-23 0:00,Plant A,67.78,600,72
281,2023-01-24 0:00,Plant A,180.3,600,72
282,2023-01-25 0:00,Plant A,194.93,600,72
283,2023-01-26 0:00,Plant A,173.24,600,72
284,2023-01-27 0:00,Plant A,260.93,600,72
285,2023-01-28 0:00,Plant A,0,0,72
286,2023-01-29 0:00,Plant A,0,0,72
287,2023-01-30 0:00,Plant A,0,600,72
288,2023-01-31 0:00,Plant A,199.19,600,72
289,2023-02-01 0:00,Plant A,364.63,600,72
290,2023-02-02 0:00,Plant A,0,480,72
291,2023-02-03 0:00,Plant A,301.5,600,72
292,2023-02-05 0:00,Plant A,279,480,72
293,2023-02-06 0:00,Plant A,368.5,600,72
294,2023-02-07 0:00,Plant A,255.67,600,72
295,2023-02-08 0:00,Plant A,401.39,600,72
296,2023-02-09 0:00,Plant A,405.53,600,72
297,2023-02-10 0:00,Plant A,327.98,600,72
298,2023-02-13 0:00,Plant A,277.96,600,72
299,2023-02-14 0:00,Plant A,103.69,600,72
300,2023-02-15 0:00,Plant A,286.15,600,72
301,2023-02-16 0:00,Plant A,269.03,600,72
302,2023-02-17 0:00,Plant A,269.73,600,72
303,2023-02-18 0:00,Plant A,225.64,480,72
304,2023-02-20 0:00,Plant A,213.69,480,72
305,2023-02-21 0:00,Plant A,275.87,600,72
306,2023-02-22 0:00,Plant A,208.42,600,72
307,2023-02-23 0:00,Plant A,100.23,600,72
308,2023-02-24 0:00,Plant A,316.92,600,72
309,2023-02-27 0:00,Plant A,234.59,600,72
310,2023-02-28 0:00,Plant A,338.33,600,72
311,2023-03-01 0:00,Plant A,257.04,600,72
312,2023-03-02 0:00,Plant A,216.28,600,72
313,2023-03-03 0:00,Plant A,324.5,600,72
314,2023-03-06 0:00,Plant A,250,600,72
315,2023-03-07 0:00,Plant A,200,600,72
316,2023-03-08 0:00,Plant A,217.27,600,72
317,2023-03-09 0:00,Plant A,296.86,600,72
318,2023-03-10 0:00,Plant A,180.4,600,72
319,2023-03-13 0:00,Plant A,358.47,600,72
320,2023-03-14 0:00,Plant A,410,600,72
321,2023-03-15 0:00,Plant A,319.49,600,72
322,2023-03-16 0:00,Plant A,357.27,600,72
323,2023-03-17 0:00,Plant A,221.17,600,72
324,2023-03-18 0:00,Plant A,251.77,480,72
325,2023-03-20 0:00,Plant A,344.93,600,72
326,2023-03-21 0:00,Plant A,329.96,600,72
327,2023-03-22 0:00,Plant A,306.93,600,72
328,2023-03-23 0:00,Plant A,46.71,600,72
329,2023-03-24 0:00,Plant A,0,600,72
330,2023-03-27 0:00,Plant A,224.35,600,72
331,2023-03-28 0:00,Plant A,351.62,600,72
332,2023-03-29 0:00,Plant A,362.37,600,72
333,2023-03-30 0:00,Plant A,314.16,600,72
334,2023-03-31 0:00,Plant A,300,600,72
335,2023-04-01 0:00,Plant A,215.64,480,72
336,2023-04-03 0:00,Plant A,0,600,72
337,2023-04-04 0:00,Plant A,362.57,600,72
338,2023-04-05 0:00,Plant A,304.03,600,72
339,2023-04-06 0:00,Plant A,389.06,600,72
340,2023-04-10 0:00,Plant A,285.88,600,72
341,2023-04-11 0:00,Plant A,286.96,600,72
342,2023-04-12 0:00,Plant A,240.5,600,72
343,2023-04-13 0:00,Plant A,360,600,72
344,2023-04-14 0:00,Plant A,366,600,72
345,2023-04-17 0:00,Plant A,257.5,600,72
346,2023-04-18 0:00,Plant A,294.69,600,72
347,2023-04-19 0:00,Plant A,258.28,600,72
348,2023-04-20 0:00,Plant A,224.46,720,72
349,2023-04-21 0:00,Plant A,303,600,72
350,2023-04-22 0:00,Plant A,213.88,480,72
351,2023-04-24 0:00,Plant A,442.46,720,72
352,2023-04-25 0:00,Plant A,331.72,720,72
353,2023-04-26 0:00,Plant A,254.94,720,72
354,2023-04-27 0:00,Plant A,316.9,600,72
355,2023-04-28 0:00,Plant A,97.32,600,72
356,2023-05-01 0:00,Plant A,294,600,72
357,2023-05-02 0:00,Plant A,300.46,600,72
358,2023-05-03 0:00,Plant A,325.54,600,72
359,2023-05-04 0:00,Plant A,200.4,600,72
360,2023-05-05 0:00,Plant A,96.3,300,72
361,2023-05-08 0:00,Plant A,123.14,600,72
362,2023-05-09 0:00,Plant A,286.39,600,72
363,2023-05-10 0:00,Plant A,347.48,600,72
364,2023-05-11 0:00,Plant A,296.33,600,72
365,2023-05-12 0:00,Plant A,320.8,600,72
366,2023-05-15 0:00,Plant A,226.24,600,72
367,2023-05-16 0:00,Plant A,223.78,600,72
368,2023-05-17 0:00,Plant A,276.31,720,72
369,2023-05-18 0:00,Plant A,216.66,600,72
370,2023-05-19 0:00,Plant A,234.86,600,72
371,2023-05-23 0:00,Plant A,321.16,600,72
372,2023-05-24 0:00,Plant A,213.84,720,72
373,2023-05-25 0:00,Plant A,327.56,720,72
374,2023-05-26 0:00,Plant A,204.34,420,72
375,2023-05-29 0:00,Plant A,252.5,600,72
376,2023-05-30 0:00,Plant A,100.92,600,72
377,2023-06-01 0:00,Plant A,274.71,600,72
378,2023-06-02 0:00,Plant A,192.12,600,72
379,2023-06-05 0:00,Plant A,198.19,600,72
380,2023-06-06 0:00,Plant A,242.61,600,72
381,2023-06-07 0:00,Plant A,190.8,600,72
382,2023-06-08 0:00,Plant A,211.32,600,72
383,2023-06-09 0:00,Plant A,259.94,600,72
384,2023-06-11 0:00,Plant A,228.38,480,72
385,2023-06-12 0:00,Plant A,218.53,600,72
386,2023-06-13 0:00,Plant A,214.33,600,72
387,2023-06-14 0:00,Plant A,304.34,600,72
388,2023-06-15 0:00,Plant A,253.23,600,72
389,2023-06-16 0:00,Plant A,257.05,600,72
390,2023-06-17 0:00,Plant A,184.45,480,72
391,2023-06-19 0:00,Plant A,238.42,600,72
392,2023-06-20 0:00,Plant A,207.46,600,72
393,2023-06-21 0:00,Plant A,123,600,72
394,2023-06-22 0:00,Plant A,292.55,600,72
395,2023-06-23 0:00,Plant A,293.8,600,72
396,2023-06-24 0:00,Plant A,167.93,480,72
397,2023-06-26 0:00,Plant A,223.11,600,72
398,2023-06-27 0:00,Plant A,191.28,600,72
399,2023-06-28 0:00,Plant A,224.22,600,72
400,2023-07-03 0:00,Plant A,286.46,600,72
401,2023-07-04 0:00,Plant A,236.02,600,72
402,2023-07-05 0:00,Plant A,240.03,600,72
403,2023-07-06 0:00,Plant A,196.68,600,72
404,2023-07-07 0:00,Plant A,204.79,600,72
405,2023-07-08 0:00,Plant A,114.98,480,72
406,2023-07-10 0:00,Plant A,226.4,600,72
407,2023-07-11 0:00,Plant A,96.89,300,72
408,2023-07-12 0:00,Plant A,224.39,600,72
409,2023-07-13 0:00,Plant A,204.45,600,72
410,2023-07-14 0:00,Plant A,239.86,600,72
411,2023-07-16 0:00,Plant A,192.14,600,72
412,2023-07-17 0:00,Plant A,255.78,600,72
413,2023-07-18 0:00,Plant A,312.72,600,72
414,2023-07-19 0:00,Plant A,200.96,600,72
415,2023-07-20 0:00,Plant A,223.11,600,72
416,2023-07-21 0:00,Plant A,276.57,600,72
417,2023-07-24 0:00,Plant A,176.65,600,72
418,2023-07-25 0:00,Plant A,32.24,600,72
419,2023-07-26 0:00,Plant A,149.39,600,72
420,2023-07-27 0:00,Plant A,325,600,72
421,2023-07-28 0:00,Plant A,277.6,600,72
422,2023-07-31 0:00,Plant A,253.95,600,72
423,2023-08-01 0:00,Plant A,328.79,720,72
424,2023-08-02 0:00,Plant A,278.37,600,72
425,2023-08-03 0:00,Plant A,330.87,720,72
426,2023-08-04 0:00,Plant A,360.36,600,72
427,2023-08-08 0:00,Plant A,307.74,600,72
428,2023-08-09 0:00,Plant A,167.58,600,72
429,2023-08-10 0:00,Plant A,358.2,720,72
430,2023-08-11 0:00,Plant A,209.73,600,72
431,2023-08-14 0:00,Plant A,218.48,600,72
432,2023-08-15 0:00,Plant A,198.35,600,72
433,2023-08-16 0:00,Plant A,227.23,600,72
434,2023-08-17 0:00,Plant A,134.9,600,72
435,2023-08-18 0:00,Plant A,257.05,600,72
436,2023-08-21 0:00,Plant A,0,600,72
437,2023-08-22 0:00,Plant A,223,720,72
438,2023-08-23 0:00,Plant A,273.58,600,72
439,2023-08-24 0:00,Plant A,286.58,600,72
440,2023-08-25 0:00,Plant A,298.18,600,72
441,2023-08-26 0:00,Plant A,304.58,480,72
442,2023-08-27 0:00,Plant A,176.2,480,72
443,2023-08-28 0:00,Plant A,173.73,600,72
444,2023-08-29 0:00,Plant A,176.03,600,72
445,2023-08-30 0:00,Plant A,251.38,600,72
446,2023-08-31 0:00,Plant A,303.85,600,72
447,2023-09-05 0:00,Plant A,285.14,600,72
448,2023-09-06 0:00,Plant A,203.43,600,72
449,2023-09-07 0:00,Plant A,153.74,600,72
450,2023-09-08 0:00,Plant A,173.64,600,72
451,2023-09-11 0:00,Plant A,252.17,600,72
452,2023-09-12 0:00,Plant A,132.29,600,72
453,2023-09-13 0:00,Plant A,196.06,600,72
454,2023-09-14 0:00,Plant A,231.27,600,72
455,2023-09-15 0:00,Plant A,225.87,600,72
456,2023-09-18 0:00,Plant A,168.57,600,72
457,2023-09-19 0:00,Plant A,144.6,600,72
458,2023-09-20 0:00,Plant A,185.1,600,72
459,2023-09-21 0:00,Plant A,145.8,600,72
460,2023-09-22 0:00,Plant A,179,600,72
461,2023-09-23 0:00,Plant A,195.4,480,72
462,2023-09-25 0:00,Plant A,167.44,600,72
463,2023-09-26 0:00,Plant A,186.66,600,72
464,2023-10-05 0:00,Plant A,3.51,600,72
465,2023-10-06 0:00,Plant A,44,600,72
466,2023-10-10 0:00,Plant A,65.2,600,72
467,2023-10-12 0:00,Plant A,289.48,600,72
468,2023-10-13 0:00,Plant A,280.2,600,72
469,2023-10-16 0:00,Plant A,117.3,600,72
470,2023-10-17 0:00,Plant A,304.29,600,72
471,2023-10-18 0:00,Plant A,105.88,600,72
472,2023-10-19 0:00,Plant A,173.57,600,72
473,2023-10-20 0:00,Plant A,198.2,600,72
474,2023-10-24 0:00,Plant A,96.76,600,72
475,2023-10-25 0:00,Plant A,278.21,660,72
476,2023-10-26 0:00,Plant A,188.17,720,72
477,2023-10-27 0:00,Plant A,376.74,600,72
478,2023-10-28 0:00,Plant A,148.66,480,72
479,2023-10-30 0:00,Plant A,405.97,600,72
480,2023-10-31 0:00,Plant A,185,600,72
481,2023-11-01 0:00,Plant A,222,600,72
482,2023-11-03 0:00,Plant A,300.46,600,72
483,2023-11-04 0:00,Plant A,325.54,600,72
484,2023-11-05 0:00,Plant A,200.4,600,72
485,2023-11-06 0:00,Plant A,96.3,300,72
486,2023-11-09 0:00,Plant A,123.14,600,72
487,2023-11-10 0:00,Plant A,286.39,600,72
488,2023-11-11 0:00,Plant A,347.48,600,72
489,2023-11-12 0:00,Plant A,296.33,600,72
490,2023-11-13 0:00,Plant A,320.8,600,72
491,2023-11-16 0:00,Plant A,226.24,600,72
492,2023-11-17 0:00,Plant A,223.78,600,72
493,2023-11-18 0:00,Plant A,276.31,720,72
494,2023-11-19 0:00,Plant A,216.66,600,72
495,2023-11-20 0:00,Plant A,234.86,600,72
496,2023-11-24 0:00,Plant A,321.16,600,72
497,2023-11-25 0:00,Plant A,213.84,720,72
498,2023-11-26 0:00,Plant A,327.56,720,72
499,2023-11-27 0:00,Plant A,204.34,420,72
500,2023-11-30 0:00,Plant A,252.5,600,72
501,2023-12-01 0:00,Plant A,100.92,600,72
502,2023-12-02 0:00,Plant A,222,600,72
503,2023-12-03 0:00,Plant A,300.46,700,72
504,2023-12-04 0:00,Plant A,325.54,700,72
505,2023-12-05 0:00,Plant A,200.4,700,72
506,2023-12-06 0:00,Plant A,96.3,700,72
507,2023-12-09 0:00,Plant A,123.14,720,72
508,2023-12-10 0:00,Plant A,286.39,720,72
509,2023-12-11 0:00,Plant A,347.48,720,72
510,2023-12-12 0:00,Plant A,296.33,720,72
511,2023-12-13 0:00,Plant A,320.8,720,72
512,2023-12-16 0:00,Plant A,226.24,720,72
513,2023-12-17 0:00,Plant A,223.78,720,72
514,2023-12-18 0:00,Plant A,276.31,720,72
515,2023-12-19 0:00,Plant A,216.66,720,72
516,2023-12-20 0:00,Plant A,234.86,720,72
517,2023-12-24 0:00,Plant A,321.16,600,72
518,2023-12-25 0:00,Plant A,213.84,720,72
519,2023-12-26 0:00,Plant A,327.56,720,72
520,2023-12-27 0:00,Plant A,204.34,420,72
521,2023-12-30 0:00,Plant A,252.5,600,72
522,2023-12-31 0:00,Plant A,100.92,600,72
523,2022-01-05 0:00,Plant B,222,600,75
524,2022-01-09 0:00,Plant B,3.51,600,75
525,2022-01-10 0:00,Plant B,44,600,75
526,2022-01-14 0:00,Plant B,65.2,600,75
527,2022-01-16 0:00,Plant B,289.48,600,75
528,2022-01-17 0:00,Plant B,280.2,600,75
529,2022-01-20 0:00,Plant B,117.3,600,75
530,2022-01-21 0:00,Plant B,304.29,600,75
531,2022-01-22 0:00,Plant B,105.88,600,75
532,2022-01-23 0:00,Plant B,173.57,600,75
533,2022-01-24 0:00,Plant B,198.2,600,75
534,2022-01-28 0:00,Plant B,96.76,600,75
535,2022-01-29 0:00,Plant B,278.21,660,75
536,2022-01-30 0:00,Plant B,188.17,720,75
537,2022-01-31 0:00,Plant B,376.74,600,75
538,2022-02-01 0:00,Plant B,148.66,480,75
539,2022-02-03 0:00,Plant B,405.97,600,75
540,2022-02-04 0:00,Plant B,185,600,75
541,2022-02-09 0:00,Plant B,285.14,600,75
542,2022-02-10 0:00,Plant B,203.43,600,75
543,2022-02-11 0:00,Plant B,153.74,600,75
544,2022-02-12 0:00,Plant B,173.64,600,75
545,2022-02-15 0:00,Plant B,252.17,600,75
546,2022-02-16 0:00,Plant B,132.29,600,75
547,2022-02-17 0:00,Plant B,196.06,600,75
548,2022-02-18 0:00,Plant B,231.27,600,75
549,2022-02-19 0:00,Plant B,225.87,600,75
550,2022-02-22 0:00,Plant B,168.57,600,75
551,2022-02-23 0:00,Plant B,144.6,600,75
552,2022-02-24 0:00,Plant B,185.1,600,75
553,2022-02-25 0:00,Plant B,145.8,600,75
554,2022-02-26 0:00,Plant B,179,600,75
555,2022-02-27 0:00,Plant B,195.4,480,75
556,2022-03-01 0:00,Plant B,167.44,600,75
557,2022-03-02 0:00,Plant B,186.66,600,75
558,2022-03-07 0:00,Plant B,328.79,720,75
559,2022-03-08 0:00,Plant B,278.37,600,75
560,2022-03-09 0:00,Plant B,330.87,720,75
561,2022-03-10 0:00,Plant B,360.36,600,75
562,2022-03-14 0:00,Plant B,307.74,600,75
563,2022-03-15 0:00,Plant B,167.58,600,75
564,2022-03-16 0:00,Plant B,358.2,720,75
565,2022-03-17 0:00,Plant B,209.73,600,75
566,2022-03-20 0:00,Plant B,218.48,600,75
567,2022-03-21 0:00,Plant B,198.35,600,75
568,2022-03-22 0:00,Plant B,227.23,600,75
569,2022-03-23 0:00,Plant B,134.9,600,75
570,2022-03-24 0:00,Plant B,257.05,600,75
571,2022-03-27 0:00,Plant B,0,600,75
572,2022-03-28 0:00,Plant B,223,720,75
573,2022-03-29 0:00,Plant B,273.58,600,75
574,2022-03-30 0:00,Plant B,286.58,600,75
575,2022-03-31 0:00,Plant B,298.18,600,75
576,2022-04-01 0:00,Plant B,304.58,480,75
577,2022-04-02 0:00,Plant B,176.2,480,75
578,2022-04-03 0:00,Plant B,173.73,600,75
579,2022-04-04 0:00,Plant B,176.03,600,75
580,2022-04-05 0:00,Plant B,251.38,600,75
581,2022-04-06 0:00,Plant B,303.85,600,75
582,2022-04-09 0:00,Plant B,286.46,600,75
583,2022-04-10 0:00,Plant B,236.02,600,75
584,2022-04-11 0:00,Plant B,240.03,600,75
585,2022-04-12 0:00,Plant B,196.68,600,75
586,2022-04-13 0:00,Plant B,204.79,600,75
587,2022-04-14 0:00,Plant B,114.98,480,75
588,2022-04-16 0:00,Plant B,226.4,600,75
589,2022-04-17 0:00,Plant B,96.89,300,75
590,2022-04-18 0:00,Plant B,224.39,600,75
591,2022-04-19 0:00,Plant B,204.45,600,75
592,2022-04-20 0:00,Plant B,239.86,600,75
593,2022-04-22 0:00,Plant B,192.14,600,75
594,2022-04-23 0:00,Plant B,255.78,600,75
595,2022-04-24 0:00,Plant B,312.72,600,75
596,2022-04-25 0:00,Plant B,200.96,600,75
597,2022-04-26 0:00,Plant B,223.11,600,75
598,2022-04-27 0:00,Plant B,276.57,600,75
599,2022-04-30 0:00,Plant B,176.65,600,75
600,2022-05-01 0:00,Plant B,32.24,600,75
601,2022-05-02 0:00,Plant B,149.39,600,75
602,2022-05-03 0:00,Plant B,325,600,75
603,2022-05-04 0:00,Plant B,277.6,600,75
604,2022-05-07 0:00,Plant B,253.95,600,75
605,2022-05-08 0:00,Plant B,274.71,600,75
606,2022-05-09 0:00,Plant B,192.12,600,75
607,2022-05-12 0:00,Plant B,198.19,600,75
608,2022-05-13 0:00,Plant B,242.61,600,75
609,2022-05-14 0:00,Plant B,190.8,600,75
610,2022-05-15 0:00,Plant B,211.32,600,75
611,2022-05-16 0:00,Plant B,259.94,600,75
612,2022-05-18 0:00,Plant B,228.38,480,75
613,2022-05-19 0:00,Plant B,218.53,600,75
614,2022-05-20 0:00,Plant B,214.33,600,75
615,2022-05-21 0:00,Plant B,304.34,600,75
616,2022-05-22 0:00,Plant B,253.23,600,75
617,2022-05-23 0:00,Plant B,257.05,600,75
618,2022-05-24 0:00,Plant B,184.45,480,75
619,2022-05-26 0:00,Plant B,238.42,600,75
620,2022-05-27 0:00,Plant B,207.46,600,75
621,2022-05-28 0:00,Plant B,123,600,75
622,2022-05-29 0:00,Plant B,292.55,600,75
623,2022-05-30 0:00,Plant B,293.8,600,75
624,2022-05-31 0:00,Plant B,167.93,480,75
625,2022-06-02 0:00,Plant B,223.11,600,75
626,2022-06-03 0:00,Plant B,191.28,600,75
627,2022-06-04 0:00,Plant B,224.22,600,75
628,2022-06-07 0:00,Plant B,364.63,600,75
629,2022-06-08 0:00,Plant B,0,480,75
630,2022-06-09 0:00,Plant B,301.5,600,75
631,2022-06-11 0:00,Plant B,279,480,75
632,2022-06-12 0:00,Plant B,368.5,600,75
633,2022-06-13 0:00,Plant B,255.67,600,75
634,2022-06-14 0:00,Plant B,401.39,600,75
635,2022-06-15 0:00,Plant B,405.53,600,75
636,2022-06-16 0:00,Plant B,327.98,600,75
637,2022-06-19 0:00,Plant B,277.96,600,75
638,2022-06-20 0:00,Plant B,103.69,600,75
639,2022-06-21 0:00,Plant B,286.15,600,75
640,2022-06-22 0:00,Plant B,269.03,600,75
641,2022-06-23 0:00,Plant B,269.73,600,75
642,2022-06-24 0:00,Plant B,225.64,480,75
643,2022-06-26 0:00,Plant B,213.69,480,75
644,2022-06-27 0:00,Plant B,275.87,600,75
645,2022-06-28 0:00,Plant B,208.42,600,75
646,2022-06-29 0:00,Plant B,100.23,600,75
647,2022-06-30 0:00,Plant B,316.92,600,75
648,2022-07-03 0:00,Plant B,234.59,600,75
649,2022-07-04 0:00,Plant B,338.33,600,75
650,2022-07-06 0:00,Plant B,126.02,600,75
651,2022-07-07 0:00,Plant B,248.21,600,75
652,2022-07-08 0:00,Plant B,251.67,600,75
653,2022-07-09 0:00,Plant B,201.56,600,75
654,2022-07-10 0:00,Plant B,276.94,600,75
655,2022-07-11 0:00,Plant B,167.15,480,75
656,2022-07-13 0:00,Plant B,94.67,600,75
657,2022-07-14 0:00,Plant B,231.32,600,75
658,2022-07-15 0:00,Plant B,191.91,600,75
659,2022-07-16 0:00,Plant B,203.93,600,75
660,2022-07-17 0:00,Plant B,147.24,600,75
661,2022-07-18 0:00,Plant B,172.48,480,75
662,2022-07-20 0:00,Plant B,189.1,600,75
663,2022-07-21 0:00,Plant B,236.83,600,75
664,2022-07-22 0:00,Plant B,318.57,600,75
665,2022-07-23 0:00,Plant B,300,600,75
666,2022-07-24 0:00,Plant B,239.96,600,75
667,2022-07-25 0:00,Plant B,233.86,480,75
668,2022-07-27 0:00,Plant B,67.78,600,75
669,2022-07-28 0:00,Plant B,180.3,600,75
670,2022-07-29 0:00,Plant B,194.93,600,75
671,2022-07-30 0:00,Plant B,173.24,600,75
672,2022-07-31 0:00,Plant B,260.93,600,75
673,2022-08-01 0:00,Plant B,0,0,75
674,2022-08-02 0:00,Plant B,0,0,75
675,2022-08-03 0:00,Plant B,0,600,75
676,2022-08-04 0:00,Plant B,199.19,600,75
677,2022-08-05 0:00,Plant B,257.04,600,75
678,2022-08-06 0:00,Plant B,216.28,600,75
679,2022-08-07 0:00,Plant B,324.5,600,75
680,2022-08-10 0:00,Plant B,250,600,75
681,2022-08-11 0:00,Plant B,200,600,75
682,2022-08-12 0:00,Plant B,217.27,600,75
683,2022-08-13 0:00,Plant B,296.86,600,75
684,2022-08-14 0:00,Plant B,180.4,600,75
685,2022-08-17 0:00,Plant B,358.47,600,75
686,2022-08-18 0:00,Plant B,410,600,75
687,2022-08-19 0:00,Plant B,319.49,600,75
688,2022-08-20 0:00,Plant B,357.27,600,75
689,2022-08-21 0:00,Plant B,221.17,600,75
690,2022-08-22 0:00,Plant B,251.77,480,75
691,2022-08-24 0:00,Plant B,344.93,600,75
692,2022-08-25 0:00,Plant B,329.96,600,75
693,2022-08-26 0:00,Plant B,306.93,600,75
694,2022-08-27 0:00,Plant B,46.71,600,75
695,2022-08-28 0:00,Plant B,0,600,75
696,2022-08-31 0:00,Plant B,224.35,600,75
697,2022-09-01 0:00,Plant B,351.62,600,75
698,2022-09-02 0:00,Plant B,362.37,600,75
699,2022-09-03 0:00,Plant B,314.16,600,75
700,2022-09-04 0:00,Plant B,300,600,75
701,2022-09-05 0:00,Plant B,215.64,480,75
702,2022-09-07 0:00,Plant B,0,600,75
703,2022-09-08 0:00,Plant B,362.57,600,75
704,2022-09-09 0:00,Plant B,304.03,600,75
705,2022-09-10 0:00,Plant B,389.06,600,75
706,2022-09-14 0:00,Plant B,285.88,600,75
707,2022-09-15 0:00,Plant B,286.96,600,75
708,2022-09-16 0:00,Plant B,240.5,600,75
709,2022-09-17 0:00,Plant B,360,600,75
710,2022-09-18 0:00,Plant B,366,600,75
711,2022-09-21 0:00,Plant B,257.5,600,75
712,2022-09-22 0:00,Plant B,294.69,600,75
713,2022-09-23 0:00,Plant B,258.28,600,75
714,2022-09-24 0:00,Plant B,224.46,720,75
715,2022-09-25 0:00,Plant B,303,600,75
716,2022-09-26 0:00,Plant B,213.88,480,75
717,2022-09-28 0:00,Plant B,442.46,720,75
718,2022-09-29 0:00,Plant B,331.72,720,75
719,2022-09-30 0:00,Plant B,254.94,720,75
720,2022-10-01 0:00,Plant B,316.9,600,75
721,2022-10-02 0:00,Plant B,97.32,600,75
722,2022-10-05 0:00,Plant B,294,600,75
723,2022-10-06 0:00,Plant B,300.46,600,75
724,2022-10-07 0:00,Plant B,325.54,600,75
725,2022-10-08 0:00,Plant B,200.4,600,75
726,2022-10-09 0:00,Plant B,96.3,300,75
727,2022-10-12 0:00,Plant B,123.14,600,75
728,2022-10-13 0:00,Plant B,286.39,600,75
729,2022-10-14 0:00,Plant B,347.48,600,75
730,2022-10-15 0:00,Plant B,296.33,600,75
731,2022-10-16 0:00,Plant B,320.8,600,75
732,2022-10-19 0:00,Plant B,226.24,600,75
733,2022-10-20 0:00,Plant B,223.78,600,75
734,2022-10-21 0:00,Plant B,276.31,720,75
735,2022-10-22 0:00,Plant B,216.66,600,75
736,2022-10-23 0:00,Plant B,234.86,600,75
737,2022-10-27 0:00,Plant B,321.16,600,75
738,2022-10-28 0:00,Plant B,213.84,720,75
739,2022-10-29 0:00,Plant B,327.56,720,75
740,2022-10-30 0:00,Plant B,204.34,420,75
741,2022-11-02 0:00,Plant B,252.5,600,75
742,2022-11-03 0:00,Plant B,100.92,600,75
743,2022-11-04 0:00,Plant B,222,600,75
744,2022-11-06 0:00,Plant B,300.46,600,75
745,2022-11-07 0:00,Plant B,325.54,600,75
746,2022-11-08 0:00,Plant B,200.4,600,75
747,2022-11-09 0:00,Plant B,96.3,300,75
748,2022-11-12 0:00,Plant B,123.14,600,75
749,2022-11-13 0:00,Plant B,286.39,600,75
750,2022-11-14 0:00,Plant B,347.48,600,75
751,2022-11-15 0:00,Plant B,296.33,600,75
752,2022-11-16 0:00,Plant B,320.8,600,75
753,2022-11-19 0:00,Plant B,226.24,600,75
754,2022-11-20 0:00,Plant B,223.78,600,75
755,2022-11-21 0:00,Plant B,276.31,720,75
756,2022-11-22 0:00,Plant B,216.66,600,75
757,2022-11-23 0:00,Plant B,234.86,600,75
758,2022-11-27 0:00,Plant B,321.16,600,75
759,2022-11-28 0:00,Plant B,213.84,720,75
760,2022-11-29 0:00,Plant B,327.56,720,75
761,2022-11-30 0:00,Plant B,204.34,420,75
762,2022-12-03 0:00,Plant B,252.5,600,75
763,2022-12-04 0:00,Plant B,100.92,600,75
764,2022-12-05 0:00,Plant B,222,600,75
765,2022-12-06 0:00,Plant B,300.46,700,75
766,2022-12-07 0:00,Plant B,325.54,700,75
767,2022-12-08 0:00,Plant B,200.4,700,75
768,2022-12-09 0:00,Plant B,96.3,700,75
769,2022-12-12 0:00,Plant B,123.14,720,75
770,2022-12-13 0:00,Plant B,286.39,720,75
771,2022-12-14 0:00,Plant B,347.48,720,75
772,2022-12-15 0:00,Plant B,296.33,720,75
773,2022-12-16 0:00,Plant B,320.8,720,75
774,2022-12-19 0:00,Plant B,226.24,720,75
775,2022-12-20 0:00,Plant B,223.78,720,75
776,2022-12-21 0:00,Plant B,276.31,720,75
777,2022-12-22 0:00,Plant B,216.66,720,75
778,2022-12-23 0:00,Plant B,234.86,720,75
779,2022-12-27 0:00,Plant B,321.16,600,75
780,2022-12-28 0:00,Plant B,213.84,720,75
781,2022-12-29 0:00,Plant B,327.56,720,75
782,2022-12-30 0:00,Plant B,204.34,420,75
783,2022-12-31 0:00,Plant B,204.34,420,75
784,2023-01-02 0:00,Plant B,126.02,600,75
785,2023-01-03 0:00,Plant B,248.21,600,75
786,2023-01-04 0:00,Plant B,251.67,600,75
787,2023-01-05 0:00,Plant B,201.56,600,75
788,2023-01-06 0:00,Plant B,276.94,600,75
789,2023-01-07 0:00,Plant B,167.15,480,75
790,2023-01-09 0:00,Plant B,94.67,600,75
791,2023-01-10 0:00,Plant B,231.32,600,75
792,2023-01-11 0:00,Plant B,191.91,600,75
793,2023-01-12 0:00,Plant B,203.93,600,75
794,2023-01-13 0:00,Plant B,147.24,600,75
795,2023-01-14 0:00,Plant B,172.48,480,75
796,2023-01-16 0:00,Plant B,189.1,600,75
797,2023-01-17 0:00,Plant B,236.83,600,75
798,2023-01-18 0:00,Plant B,318.57,600,75
799,2023-01-19 0:00,Plant B,300,600,75
800,2023-01-20 0:00,Plant B,239.96,600,75
801,2023-01-21 0:00,Plant B,233.86,480,75
802,2023-01-23 0:00,Plant B,67.78,600,75
803,2023-01-24 0:00,Plant B,180.3,600,75
804,2023-01-25 0:00,Plant B,194.93,600,75
805,2023-01-26 0:00,Plant B,173.24,600,75
806,2023-01-27 0:00,Plant B,260.93,600,75
807,2023-01-28 0:00,Plant B,0,0,75
808,2023-01-29 0:00,Plant B,0,0,75
809,2023-01-30 0:00,Plant B,0,600,75
810,2023-01-31 0:00,Plant B,199.19,600,75
811,2023-02-01 0:00,Plant B,364.63,600,75
812,2023-02-02 0:00,Plant B,0,480,75
813,2023-02-03 0:00,Plant B,301.5,600,75
814,2023-02-05 0:00,Plant B,279,480,75
815,2023-02-06 0:00,Plant B,368.5,600,75
816,2023-02-07 0:00,Plant B,255.67,600,75
817,2023-02-08 0:00,Plant B,401.39,600,75
818,2023-02-09 0:00,Plant B,405.53,600,75
819,2023-02-10 0:00,Plant B,327.98,600,75
820,2023-02-13 0:00,Plant B,277.96,600,75
821,2023-02-14 0:00,Plant B,103.69,600,75
822,2023-02-15 0:00,Plant B,286.15,600,75
823,2023-02-16 0:00,Plant B,269.03,600,75
824,2023-02-17 0:00,Plant B,269.73,600,75
825,2023-02-18 0:00,Plant B,225.64,480,75
826,2023-02-20 0:00,Plant B,213.69,480,75
827,2023-02-21 0:00,Plant B,275.87,600,75
828,2023-02-22 0:00,Plant B,208.42,600,75
829,2023-02-23 0:00,Plant B,100.23,600,75
830,2023-02-24 0:00,Plant B,316.92,600,75
831,2023-02-27 0:00,Plant B,234.59,600,75
832,2023-02-28 0:00,Plant B,338.33,600,75
833,2023-03-01 0:00,Plant B,257.04,600,75
834,2023-03-02 0:00,Plant B,216.28,600,75
835,2023-03-03 0:00,Plant B,324.5,600,75
836,2023-03-06 0:00,Plant B,250,600,75
837,2023-03-07 0:00,Plant B,200,600,75
838,2023-03-08 0:00,Plant B,217.27,600,75
839,2023-03-09 0:00,Plant B,296.86,600,75
840,2023-03-10 0:00,Plant B,180.4,600,75
841,2023-03-13 0:00,Plant B,358.47,600,75
842,2023-03-14 0:00,Plant B,410,600,75
843,2023-03-15 0:00,Plant B,319.49,600,75
844,2023-03-16 0:00,Plant B,357.27,600,75
845,2023-03-17 0:00,Plant B,221.17,600,75
846,2023-03-18 0:00,Plant B,251.77,480,75
847,2023-03-20 0:00,Plant B,344.93,600,75
848,2023-03-21 0:00,Plant B,329.96,600,75
849,2023-03-22 0:00,Plant B,306.93,600,75
850,2023-03-23 0:00,Plant B,46.71,600,75
851,2023-03-24 0:00,Plant B,0,600,75
852,2023-03-27 0:00,Plant B,224.35,600,75
853,2023-03-28 0:00,Plant B,351.62,600,75
854,2023-03-29 0:00,Plant B,362.37,600,75
855,2023-03-30 0:00,Plant B,314.16,600,75
856,2023-03-31 0:00,Plant B,300,600,75
857,2023-04-01 0:00,Plant B,215.64,480,75
858,2023-04-03 0:00,Plant B,0,600,75
859,2023-04-04 0:00,Plant B,362.57,600,75
860,2023-04-05 0:00,Plant B,304.03,600,75
861,2023-04-06 0:00,Plant B,389.06,600,75
862,2023-04-10 0:00,Plant B,285.88,600,75
863,2023-04-11 0:00,Plant B,286.96,600,75
864,2023-04-12 0:00,Plant B,240.5,600,75
865,2023-04-13 0:00,Plant B,360,600,75
866,2023-04-14 0:00,Plant B,366,600,75
867,2023-04-17 0:00,Plant B,257.5,600,75
868,2023-04-18 0:00,Plant B,294.69,600,75
869,2023-04-19 0:00,Plant B,258.28,600,75
870,2023-04-20 0:00,Plant B,224.46,720,75
871,2023-04-21 0:00,Plant B,303,600,75
872,2023-04-22 0:00,Plant B,213.88,480,75
873,2023-04-24 0:00,Plant B,442.46,720,75
874,2023-04-25 0:00,Plant B,331.72,720,75
875,2023-04-26 0:00,Plant B,254.94,720,75
876,2023-04-27 0:00,Plant B,316.9,600,75
877,2023-04-28 0:00,Plant B,97.32,600,75
878,2023-05-01 0:00,Plant B,294,600,75
879,2023-05-02 0:00,Plant B,300.46,600,75
880,2023-05-03 0:00,Plant B,325.54,600,75
881,2023-05-04 0:00,Plant B,200.4,600,75
882,2023-05-05 0:00,Plant B,96.3,300,75
883,2023-05-08 0:00,Plant B,123.14,600,75
884,2023-05-09 0:00,Plant B,286.39,600,75
885,2023-05-10 0:00,Plant B,347.48,600,75
886,2023-05-11 0:00,Plant B,296.33,600,75
887,2023-05-12 0:00,Plant B,320.8,600,75
888,2023-05-15 0:00,Plant B,226.24,600,75
889,2023-05-16 0:00,Plant B,223.78,600,75
890,2023-05-17 0:00,Plant B,276.31,720,75
891,2023-05-18 0:00,Plant B,216.66,600,75
892,2023-05-19 0:00,Plant B,234.86,600,75
893,2023-05-23 0:00,Plant B,321.16,600,75
894,2023-05-24 0:00,Plant B,213.84,720,75
895,2023-05-25 0:00,Plant B,327.56,720,75
896,2023-05-26 0:00,Plant B,204.34,420,75
897,2023-05-29 0:00,Plant B,252.5,600,75
898,2023-05-30 0:00,Plant B,100.92,600,75
899,2023-06-01 0:00,Plant B,274.71,600,75
900,2023-06-02 0:00,Plant B,192.12,600,75
901,2023-06-05 0:00,Plant B,198.19,600,75
902,2023-06-06 0:00,Plant B,242.61,600,75
903,2023-06-07 0:00,Plant B,190.8,600,75
904,2023-06-08 0:00,Plant B,211.32,600,75
905,2023-06-09 0:00,Plant B,259.94,600,75
906,2023-06-11 0:00,Plant B,228.38,480,75
907,2023-06-12 0:00,Plant B,218.53,600,75
908,2023-06-13 0:00,Plant B,214.33,600,75
909,2023-06-14 0:00,Plant B,304.34,600,75
910,2023-06-15 0:00,Plant B,253.23,600,75
911,2023-06-16 0:00,Plant B,257.05,600,75
912,2023-06-17 0:00,Plant B,184.45,480,75
913,2023-06-19 0:00,Plant B,238.42,600,75
914,2023-06-20 0:00,Plant B,207.46,600,75
915,2023-06-21 0:00,Plant B,123,600,75
916,2023-06-22 0:00,Plant B,292.55,600,75
917,2023-06-23 0:00,Plant B,293.8,600,75
918,2023-06-24 0:00,Plant B,167.93,480,75
919,2023-06-26 0:00,Plant B,223.11,600,75
920,2023-06-27 0:00,Plant B,191.28,600,75
921,2023-06-28 0:00,Plant B,224.22,600,75
922,2023-07-03 0:00,Plant B,286.46,600,75
923,2023-07-04 0:00,Plant B,236.02,600,75
924,2023-07-05 0:00,Plant B,240.03,600,75
925,2023-07-06 0:00,Plant B,196.68,600,75
926,2023-07-07 0:00,Plant B,204.79,600,75
927,2023-07-08 0:00,Plant B,114.98,480,75
928,2023-07-10 0:00,Plant B,226.4,600,75
929,2023-07-11 0:00,Plant B,96.89,300,75
930,2023-07-12 0:00,Plant B,224.39,600,75
931,2023-07-13 0:00,Plant B,204.45,600,75
932,2023-07-14 0:00,Plant B,239.86,600,75
933,2023-07-16 0:00,Plant B,192.14,600,75
934,2023-07-17 0:00,Plant B,255.78,600,75
935,2023-07-18 0:00,Plant B,312.72,600,75
936,2023-07-19 0:00,Plant B,200.96,600,75
937,2023-07-20 0:00,Plant B,223.11,600,75
938,2023-07-21 0:00,Plant B,276.57,600,75
939,2023-07-24 0:00,Plant B,176.65,600,75
940,2023-07-25 0:00,Plant B,32.24,600,75
941,2023-07-26 0:00,Plant B,149.39,600,75
942,2023-07-27 0:00,Plant B,325,600,75
943,2023-07-28 0:00,Plant B,277.6,600,75
944,2023-07-31 0:00,Plant B,253.95,600,75
945,2023-08-01 0:00,Plant B,328.79,720,75
946,2023-08-02 0:00,Plant B,278.37,600,75
947,2023-08-03 0:00,Plant B,330.87,720,75
948,2023-08-04 0:00,Plant B,360.36,600,75
949,2023-08-08 0:00,Plant B,307.74,600,75
950,2023-08-09 0:00,Plant B,167.58,600,75
951,2023-08-10 0:00,Plant B,358.2,720,75
952,2023-08-11 0:00,Plant B,209.73,600,75
953,2023-08-14 0:00,Plant B,218.48,600,75
954,2023-08-15 0:00,Plant B,198.35,600,75
955,2023-08-16 0:00,Plant B,227.23,600,75
956,2023-08-17 0:00,Plant B,134.9,600,75
957,2023-08-18 0:00,Plant B,257.05,600,75
958,2023-08-21 0:00,Plant B,0,650,75
959,2023-08-22 0:00,Plant B,223,650,75
960,2023-08-23 0:00,Plant B,273.58,650,75
961,2023-08-24 0:00,Plant B,286.58,650,75
962,2023-08-25 0:00,Plant B,298.18,650,75
963,2023-08-26 0:00,Plant B,304.58,650,75
964,2023-08-27 0:00,Plant B,176.2,650,75
965,2023-08-28 0:00,Plant B,173.73,650,75
966,2023-08-29 0:00,Plant B,176.03,650,75
967,2023-08-30 0:00,Plant B,251.38,650,75
968,2023-08-31 0:00,Plant B,303.85,650,75
969,2023-09-05 0:00,Plant B,285.14,650,75
970,2023-09-06 0:00,Plant B,203.43,650,75
971,2023-09-07 0:00,Plant B,153.74,650,75
972,2023-09-08 0:00,Plant B,173.64,650,75
973,2023-09-11 0:00,Plant B,252.17,650,75
974,2023-09-12 0:00,Plant B,132.29,650,75
975,2023-09-13 0:00,Plant B,196.06,650,75
976,2023-09-14 0:00,Plant B,231.27,650,75
977,2023-09-15 0:00,Plant B,225.87,650,75
978,2023-09-18 0:00,Plant B,168.57,650,75
979,2023-09-19 0:00,Plant B,144.6,650,75
980,2023-09-20 0:00,Plant B,185.1,650,75
981,2023-09-21 0:00,Plant B,145.8,650,75
982,2023-09-22 0:00,Plant B,179,650,75
983,2023-09-23 0:00,Plant B,195.4,650,75
984,2023-09-25 0:00,Plant B,167.44,650,75
985,2023-09-26 0:00,Plant B,186.66,600,75
986,2023-10-05 0:00,Plant B,3.51,600,75
987,2023-10-06 0:00,Plant B,44,600,75
988,2023-10-10 0:00,Plant B,65.2,600,75
989,2023-10-12 0:00,Plant B,289.48,600,75
990,2023-10-13 0:00,Plant B,280.2,600,75
991,2023-10-16 0:00,Plant B,117.3,600,75
992,2023-10-17 0:00,Plant B,304.29,600,75
993,2023-10-18 0:00,Plant B,105.88,600,75
994,2023-10-19 0:00,Plant B,173.57,600,75
995,2023-10-20 0:00,Plant B,198.2,600,75
996,2023-10-24 0:00,Plant B,96.76,600,75
997,2023-10-25 0:00,Plant B,278.21,660,75
998,2023-10-26 0:00,Plant B,188.17,720,75
999,2023-10-27 0:00,Plant B,376.74,600,75
1000,2023-10-28 0:00,Plant B,148.66,480,75
1001,2023-10-30 0:00,Plant B,405.97,650,75
1002,2023-10-31 0:00,Plant B,185,600,75
1003,2023-11-01 0:00,Plant B,222,600,75
1004,2023-11-03 0:00,Plant B,300.46,600,75
1005,2023-11-04 0:00,Plant B,325.54,600,75
1006,2023-11-05 0:00,Plant B,200.4,600,75
1007,2023-11-06 0:00,Plant B,96.3,300,75
1008,2023-11-09 0:00,Plant B,123.14,600,75
1009,2023-11-10 0:00,Plant B,286.39,600,75
1010,2023-11-11 0:00,Plant B,347.48,600,75
1011,2023-11-12 0:00,Plant B,296.33,600,75
1012,2023-11-13 0:00,Plant B,320.8,600,75
1013,2023-11-16 0:00,Plant B,226.24,600,75
1014,2023-11-17 0:00,Plant B,223.78,600,75
1015,2023-11-18 0:00,Plant B,276.31,720,75
1016,2023-11-19 0:00,Plant B,216.66,600,75
1017,2023-11-20 0:00,Plant B,234.86,600,75
1018,2023-11-24 0:00,Plant B,321.16,600,75
1019,2023-11-25 0:00,Plant B,213.84,720,75
1020,2023-11-26 0:00,Plant B,327.56,720,75
1021,2023-11-27 0:00,Plant B,204.34,420,75
1022,2023-11-30 0:00,Plant B,252.5,600,75
1023,2023-12-01 0:00,Plant B,100.92,600,75
1024,2023-12-02 0:00,Plant B,222,600,75
1025,2023-12-03 0:00,Plant B,300.46,700,75
1026,2023-12-04 0:00,Plant B,325.54,700,75
1027,2023-12-05 0:00,Plant B,200.4,700,75
1028,2023-12-06 0:00,Plant B,96.3,700,75
1029,2023-12-09 0:00,Plant B,123.14,700,75
1030,2023-12-10 0:00,Plant B,286.39,700,75
1031,2023-12-11 0:00,Plant B,347.48,700,75
1032,2023-12-12 0:00,Plant B,296.33,700,75
1033,2023-12-13 0:00,Plant B,320.8,700,75
1034,2023-12-16 0:00,Plant B,226.24,700,75
1035,2023-12-17 0:00,Plant B,223.78,700,75
1036,2023-12-18 0:00,Plant B,276.31,700,75
1037,2023-12-19 0:00,Plant B,216.66,700,75
1038,2023-12-20 0:00,Plant B,234.86,700,75
1039,2023-12-24 0:00,Plant B,321.16,700,75
1040,2023-12-25 0:00,Plant B,213.84,700,75
1041,2023-12-26 0:00,Plant B,327.56,700,75
1042,2023-12-27 0:00,Plant B,204.34,420,75
1043,2023-12-30 0:00,Plant B,252.5,600,75
1044,2023-12-31 0:00,Plant B,100.92,600,75
